{
	"start":	{
		"connected":	[{
				"socket":	5,
				"local_host":	"10.0.0.1",
				"local_port":	41606,
				"remote_host":	"10.0.0.6",
				"remote_port":	5206
			}],
		"version":	"iperf 3.7",
		"system_info":	"Linux hs-VirtualBox 5.4.0-216-generic #236-Ubuntu SMP Fri Apr 11 19:53:21 UTC 2025 x86_64",
		"timestamp":	{
			"time":	"Thu, 27 Nov 2025 12:38:14 GMT",
			"timesecs":	1764247094
		},
		"connecting_to":	{
			"host":	"10.0.0.6",
			"port":	5206
		},
		"cookie":	"x23orb436k3ayykbekcpyu3tmm3g7ek2phqf",
		"tcp_mss_default":	1448,
		"sock_bufsize":	0,
		"sndbuf_actual":	87380,
		"rcvbuf_actual":	87380,
		"test_start":	{
			"protocol":	"TCP",
			"num_streams":	1,
			"blksize":	131072,
			"omit":	0,
			"duration":	10,
			"bytes":	0,
			"blocks":	0,
			"reverse":	0,
			"tos":	0
		}
	},
	"intervals":	[{
			"streams":	[{
					"socket":	5,
					"start":	0,
					"end":	1.048529,
					"seconds":	1.0485290288925171,
					"bytes":	144800,
					"bits_per_second":	1104785.8171590455,
					"retransmits":	1,
					"snd_cwnd":	31856,
					"rtt":	526681,
					"rttvar":	262673,
					"pmtu":	1500,
					"omitted":	false,
					"sender":	true
				}],
			"sum":	{
				"start":	0,
				"end":	1.048529,
				"seconds":	1.0485290288925171,
				"bytes":	144800,
				"bits_per_second":	1104785.8171590455,
				"retransmits":	1,
				"omitted":	false,
				"sender":	true
			}
		}, {
			"streams":	[{
					"socket":	5,
					"start":	1.048529,
					"end":	2.001011,
					"seconds":	0.95248198509216309,
					"bytes":	202720,
					"bits_per_second":	1702667.3736438982,
					"retransmits":	0,
					"snd_cwnd":	56472,
					"rtt":	876564,
					"rttvar":	321121,
					"pmtu":	1500,
					"omitted":	false,
					"sender":	true
				}],
			"sum":	{
				"start":	1.048529,
				"end":	2.001011,
				"seconds":	0.95248198509216309,
				"bytes":	202720,
				"bits_per_second":	1702667.3736438982,
				"retransmits":	0,
				"omitted":	false,
				"sender":	true
			}
		}, {
			"streams":	[{
					"socket":	5,
					"start":	2.001011,
					"end":	3.031426,
					"seconds":	1.0304150581359863,
					"bytes":	0,
					"bits_per_second":	0,
					"retransmits":	0,
					"snd_cwnd":	68056,
					"rtt":	1351808,
					"rttvar":	452814,
					"pmtu":	1500,
					"omitted":	false,
					"sender":	true
				}],
			"sum":	{
				"start":	2.001011,
				"end":	3.031426,
				"seconds":	1.0304150581359863,
				"bytes":	0,
				"bits_per_second":	0,
				"retransmits":	0,
				"omitted":	false,
				"sender":	true
			}
		}, {
			"streams":	[{
					"socket":	5,
					"start":	3.031426,
					"end":	4.001112,
					"seconds":	0.969685971736908,
					"bytes":	0,
					"bits_per_second":	0,
					"retransmits":	0,
					"snd_cwnd":	68056,
					"rtt":	1594921,
					"rttvar":	339719,
					"pmtu":	1500,
					"omitted":	false,
					"sender":	true
				}],
			"sum":	{
				"start":	3.031426,
				"end":	4.001112,
				"seconds":	0.969685971736908,
				"bytes":	0,
				"bits_per_second":	0,
				"retransmits":	0,
				"omitted":	false,
				"sender":	true
			}
		}, {
			"streams":	[{
					"socket":	5,
					"start":	4.001112,
					"end":	5.025332,
					"seconds":	1.0242199897766113,
					"bytes":	0,
					"bits_per_second":	0,
					"retransmits":	0,
					"snd_cwnd":	69504,
					"rtt":	1979717,
					"rttvar":	452873,
					"pmtu":	1500,
					"omitted":	false,
					"sender":	true
				}],
			"sum":	{
				"start":	4.001112,
				"end":	5.025332,
				"seconds":	1.0242199897766113,
				"bytes":	0,
				"bits_per_second":	0,
				"retransmits":	0,
				"omitted":	false,
				"sender":	true
			}
		}, {
			"streams":	[{
					"socket":	5,
					"start":	5.025332,
					"end":	6.00164,
					"seconds":	0.97630798816680908,
					"bytes":	167968,
					"bits_per_second":	1376352.5611657824,
					"retransmits":	0,
					"snd_cwnd":	75296,
					"rtt":	2693878,
					"rttvar":	265554,
					"pmtu":	1500,
					"omitted":	false,
					"sender":	true
				}],
			"sum":	{
				"start":	5.025332,
				"end":	6.00164,
				"seconds":	0.97630798816680908,
				"bytes":	167968,
				"bits_per_second":	1376352.5611657824,
				"retransmits":	0,
				"omitted":	false,
				"sender":	true
			}
		}, {
			"streams":	[{
					"socket":	5,
					"start":	6.00164,
					"end":	7.001253,
					"seconds":	0.99961298704147339,
					"bytes":	0,
					"bits_per_second":	0,
					"retransmits":	0,
					"snd_cwnd":	79640,
					"rtt":	2770681,
					"rttvar":	146087,
					"pmtu":	1500,
					"omitted":	false,
					"sender":	true
				}],
			"sum":	{
				"start":	6.00164,
				"end":	7.001253,
				"seconds":	0.99961298704147339,
				"bytes":	0,
				"bits_per_second":	0,
				"retransmits":	0,
				"omitted":	false,
				"sender":	true
			}
		}, {
			"streams":	[{
					"socket":	5,
					"start":	7.001253,
					"end":	8.001289,
					"seconds":	1.0000360012054443,
					"bytes":	0,
					"bits_per_second":	0,
					"retransmits":	0,
					"snd_cwnd":	89776,
					"rtt":	2853519,
					"rttvar":	98438,
					"pmtu":	1500,
					"omitted":	false,
					"sender":	true
				}],
			"sum":	{
				"start":	7.001253,
				"end":	8.001289,
				"seconds":	1.0000360012054443,
				"bytes":	0,
				"bits_per_second":	0,
				"retransmits":	0,
				"omitted":	false,
				"sender":	true
			}
		}, {
			"streams":	[{
					"socket":	5,
					"start":	8.001289,
					"end":	9.00053,
					"seconds":	0.99924099445343018,
					"bytes":	195480,
					"bits_per_second":	1565027.8648299424,
					"retransmits":	0,
					"snd_cwnd":	110048,
					"rtt":	2995991,
					"rttvar":	110731,
					"pmtu":	1500,
					"omitted":	false,
					"sender":	true
				}],
			"sum":	{
				"start":	8.001289,
				"end":	9.00053,
				"seconds":	0.99924099445343018,
				"bytes":	195480,
				"bits_per_second":	1565027.8648299424,
				"retransmits":	0,
				"omitted":	false,
				"sender":	true
			}
		}, {
			"streams":	[{
					"socket":	5,
					"start":	10.000711,
					"end":	10.257674,
					"seconds":	0.25696301460266113,
					"bytes":	0,
					"bits_per_second":	0,
					"retransmits":	0,
					"snd_cwnd":	120184,
					"rtt":	3128367,
					"rttvar":	137639,
					"pmtu":	1500,
					"omitted":	false,
					"sender":	true
				}],
			"sum":	{
				"start":	10.000711,
				"end":	10.257674,
				"seconds":	0.25696301460266113,
				"bytes":	0,
				"bits_per_second":	0,
				"retransmits":	0,
				"omitted":	false,
				"sender":	true
			}
		}],
	"end":	{
		"streams":	[{
				"sender":	{
					"socket":	5,
					"start":	0,
					"end":	10.257674,
					"seconds":	10.257674,
					"bytes":	710968,
					"bits_per_second":	554486.71891892841,
					"retransmits":	1,
					"max_snd_cwnd":	120184,
					"max_rtt":	3128367,
					"min_rtt":	526681,
					"mean_rtt":	2172772,
					"sender":	true
				},
				"receiver":	{
					"socket":	5,
					"start":	0,
					"end":	10.257674,
					"seconds":	10.257674,
					"bytes":	0,
					"bits_per_second":	0,
					"sender":	true
				}
			}],
		"sum_sent":	{
			"start":	0,
			"end":	10.257674,
			"seconds":	10.257674,
			"bytes":	710968,
			"bits_per_second":	554486.71891892841,
			"retransmits":	1,
			"sender":	true
		},
		"sum_received":	{
			"start":	0,
			"end":	10.257674,
			"seconds":	10.257674,
			"bytes":	0,
			"bits_per_second":	0,
			"sender":	true
		},
		"cpu_utilization_percent":	{
			"host_total":	10.666637441641278,
			"host_user":	0.66774135055484374,
			"host_system":	9.9988721797020244,
			"remote_total":	0,
			"remote_user":	0,
			"remote_system":	0
		},
		"sender_tcp_congestion":	"cubic"
	},
	"error":	"interrupt - the client has terminated"
}
