{
	"start":	{
		"connected":	[{
				"socket":	5,
				"local_host":	"10.0.0.3",
				"local_port":	60672,
				"remote_host":	"10.0.0.8",
				"remote_port":	5208
			}],
		"version":	"iperf 3.7",
		"system_info":	"Linux hs-VirtualBox 5.4.0-216-generic #236-Ubuntu SMP Fri Apr 11 19:53:21 UTC 2025 x86_64",
		"timestamp":	{
			"time":	"Thu, 27 Nov 2025 12:38:14 GMT",
			"timesecs":	1764247094
		},
		"connecting_to":	{
			"host":	"10.0.0.8",
			"port":	5208
		},
		"cookie":	"i3kqj3bmz246rkfywm6zubi7blbugsrahaxq",
		"tcp_mss_default":	1448,
		"sock_bufsize":	0,
		"sndbuf_actual":	87380,
		"rcvbuf_actual":	87380,
		"test_start":	{
			"protocol":	"TCP",
			"num_streams":	1,
			"blksize":	131072,
			"omit":	0,
			"duration":	10,
			"bytes":	0,
			"blocks":	0,
			"reverse":	0,
			"tos":	0
		}
	},
	"intervals":	[{
			"streams":	[{
					"socket":	5,
					"start":	0,
					"end":	1.032767,
					"seconds":	1.0327670574188232,
					"bytes":	144800,
					"bits_per_second":	1121646.9306207045,
					"retransmits":	1,
					"snd_cwnd":	34752,
					"rtt":	535248,
					"rttvar":	234505,
					"pmtu":	1500,
					"omitted":	false,
					"sender":	true
				}],
			"sum":	{
				"start":	0,
				"end":	1.032767,
				"seconds":	1.0327670574188232,
				"bytes":	144800,
				"bits_per_second":	1121646.9306207045,
				"retransmits":	1,
				"omitted":	false,
				"sender":	true
			}
		}, {
			"streams":	[{
					"socket":	5,
					"start":	1.032767,
					"end":	2.016897,
					"seconds":	0.98413002490997314,
					"bytes":	202720,
					"bits_per_second":	1647912.3275893917,
					"retransmits":	0,
					"snd_cwnd":	56472,
					"rtt":	855649,
					"rttvar":	313127,
					"pmtu":	1500,
					"omitted":	false,
					"sender":	true
				}],
			"sum":	{
				"start":	1.032767,
				"end":	2.016897,
				"seconds":	0.98413002490997314,
				"bytes":	202720,
				"bits_per_second":	1647912.3275893917,
				"retransmits":	0,
				"omitted":	false,
				"sender":	true
			}
		}, {
			"streams":	[{
					"socket":	5,
					"start":	2.016897,
					"end":	3.031963,
					"seconds":	1.0150660276412964,
					"bytes":	0,
					"bits_per_second":	0,
					"retransmits":	0,
					"snd_cwnd":	68056,
					"rtt":	1338135,
					"rttvar":	419196,
					"pmtu":	1500,
					"omitted":	false,
					"sender":	true
				}],
			"sum":	{
				"start":	2.016897,
				"end":	3.031963,
				"seconds":	1.0150660276412964,
				"bytes":	0,
				"bits_per_second":	0,
				"retransmits":	0,
				"omitted":	false,
				"sender":	true
			}
		}, {
			"streams":	[{
					"socket":	5,
					"start":	3.031963,
					"end":	4.005029,
					"seconds":	0.973065972328186,
					"bytes":	0,
					"bits_per_second":	0,
					"retransmits":	0,
					"snd_cwnd":	68056,
					"rtt":	1558276,
					"rttvar":	359944,
					"pmtu":	1500,
					"omitted":	false,
					"sender":	true
				}],
			"sum":	{
				"start":	3.031963,
				"end":	4.005029,
				"seconds":	0.973065972328186,
				"bytes":	0,
				"bits_per_second":	0,
				"retransmits":	0,
				"omitted":	false,
				"sender":	true
			}
		}, {
			"streams":	[{
					"socket":	5,
					"start":	4.005029,
					"end":	5.024932,
					"seconds":	1.0199029445648193,
					"bytes":	167968,
					"bits_per_second":	1317521.4437422375,
					"retransmits":	0,
					"snd_cwnd":	70952,
					"rtt":	2376703,
					"rttvar":	352458,
					"pmtu":	1500,
					"omitted":	false,
					"sender":	true
				}],
			"sum":	{
				"start":	4.005029,
				"end":	5.024932,
				"seconds":	1.0199029445648193,
				"bytes":	167968,
				"bits_per_second":	1317521.4437422375,
				"retransmits":	0,
				"omitted":	false,
				"sender":	true
			}
		}, {
			"streams":	[{
					"socket":	5,
					"start":	5.024932,
					"end":	6.006585,
					"seconds":	0.98165297508239746,
					"bytes":	0,
					"bits_per_second":	0,
					"retransmits":	0,
					"snd_cwnd":	73848,
					"rtt":	2603092,
					"rttvar":	342860,
					"pmtu":	1500,
					"omitted":	false,
					"sender":	true
				}],
			"sum":	{
				"start":	5.024932,
				"end":	6.006585,
				"seconds":	0.98165297508239746,
				"bytes":	0,
				"bits_per_second":	0,
				"retransmits":	0,
				"omitted":	false,
				"sender":	true
			}
		}, {
			"streams":	[{
					"socket":	5,
					"start":	6.006585,
					"end":	7.001283,
					"seconds":	0.99469798803329468,
					"bytes":	0,
					"bits_per_second":	0,
					"retransmits":	0,
					"snd_cwnd":	83984,
					"rtt":	2773687,
					"rttvar":	171996,
					"pmtu":	1500,
					"omitted":	false,
					"sender":	true
				}],
			"sum":	{
				"start":	6.006585,
				"end":	7.001283,
				"seconds":	0.99469798803329468,
				"bytes":	0,
				"bits_per_second":	0,
				"retransmits":	0,
				"omitted":	false,
				"sender":	true
			}
		}, {
			"streams":	[{
					"socket":	5,
					"start":	7.001283,
					"end":	8.000819,
					"seconds":	0.99953597784042358,
					"bytes":	195480,
					"bits_per_second":	1564565.9932910067,
					"retransmits":	0,
					"snd_cwnd":	101360,
					"rtt":	2878323,
					"rttvar":	53829,
					"pmtu":	1500,
					"omitted":	false,
					"sender":	true
				}],
			"sum":	{
				"start":	7.001283,
				"end":	8.000819,
				"seconds":	0.99953597784042358,
				"bytes":	195480,
				"bits_per_second":	1564565.9932910067,
				"retransmits":	0,
				"omitted":	false,
				"sender":	true
			}
		}, {
			"streams":	[{
					"socket":	5,
					"start":	8.000819,
					"end":	9.000876,
					"seconds":	1.0000569820404053,
					"bytes":	0,
					"bits_per_second":	0,
					"retransmits":	0,
					"snd_cwnd":	110048,
					"rtt":	2989352,
					"rttvar":	120669,
					"pmtu":	1500,
					"omitted":	false,
					"sender":	true
				}],
			"sum":	{
				"start":	8.000819,
				"end":	9.000876,
				"seconds":	1.0000569820404053,
				"bytes":	0,
				"bits_per_second":	0,
				"retransmits":	0,
				"omitted":	false,
				"sender":	true
			}
		}, {
			"streams":	[{
					"socket":	5,
					"start":	10.001078,
					"end":	10.257076,
					"seconds":	0.25599798560142517,
					"bytes":	0,
					"bits_per_second":	0,
					"retransmits":	0,
					"snd_cwnd":	117288,
					"rtt":	3098587,
					"rttvar":	160785,
					"pmtu":	1500,
					"omitted":	false,
					"sender":	true
				}],
			"sum":	{
				"start":	10.001078,
				"end":	10.257076,
				"seconds":	0.25599798560142517,
				"bytes":	0,
				"bits_per_second":	0,
				"retransmits":	0,
				"omitted":	false,
				"sender":	true
			}
		}],
	"end":	{
		"streams":	[{
				"sender":	{
					"socket":	5,
					"start":	0,
					"end":	10.257076,
					"seconds":	10.257076,
					"bytes":	710968,
					"bits_per_second":	554519.04616871325,
					"retransmits":	1,
					"max_snd_cwnd":	117288,
					"max_rtt":	3098587,
					"min_rtt":	535248,
					"mean_rtt":	2191421,
					"sender":	true
				},
				"receiver":	{
					"socket":	5,
					"start":	0,
					"end":	10.257076,
					"seconds":	10.257076,
					"bytes":	0,
					"bits_per_second":	0,
					"sender":	true
				}
			}],
		"sum_sent":	{
			"start":	0,
			"end":	10.257076,
			"seconds":	10.257076,
			"bytes":	710968,
			"bits_per_second":	554519.04616871325,
			"retransmits":	1,
			"sender":	true
		},
		"sum_received":	{
			"start":	0,
			"end":	10.257076,
			"seconds":	10.257076,
			"bytes":	0,
			"bits_per_second":	0,
			"sender":	true
		},
		"cpu_utilization_percent":	{
			"host_total":	10.176349772298273,
			"host_user":	1.2637758687741714,
			"host_system":	8.9125659325886826,
			"remote_total":	0,
			"remote_user":	0,
			"remote_system":	0
		},
		"sender_tcp_congestion":	"cubic"
	},
	"error":	"interrupt - the client has terminated"
}
