{
	"start":	{
		"connected":	[{
				"socket":	5,
				"local_host":	"10.0.0.2",
				"local_port":	39840,
				"remote_host":	"10.0.0.7",
				"remote_port":	5207
			}],
		"version":	"iperf 3.7",
		"system_info":	"Linux hs-VirtualBox 5.4.0-216-generic #236-Ubuntu SMP Fri Apr 11 19:53:21 UTC 2025 x86_64",
		"timestamp":	{
			"time":	"Thu, 27 Nov 2025 12:38:14 GMT",
			"timesecs":	1764247094
		},
		"connecting_to":	{
			"host":	"10.0.0.7",
			"port":	5207
		},
		"cookie":	"qx3cibmr3ryzldxbocrq6j43zb32ebyxl27k",
		"tcp_mss_default":	1448,
		"sock_bufsize":	0,
		"sndbuf_actual":	87380,
		"rcvbuf_actual":	87380,
		"test_start":	{
			"protocol":	"TCP",
			"num_streams":	1,
			"blksize":	131072,
			"omit":	0,
			"duration":	10,
			"bytes":	0,
			"blocks":	0,
			"reverse":	0,
			"tos":	0
		}
	},
	"intervals":	[{
			"streams":	[{
					"socket":	5,
					"start":	0,
					"end":	1.027684,
					"seconds":	1.0276839733123779,
					"bytes":	144800,
					"bits_per_second":	1127194.7700675966,
					"retransmits":	1,
					"snd_cwnd":	34752,
					"rtt":	494810,
					"rttvar":	204998,
					"pmtu":	1500,
					"omitted":	false,
					"sender":	true
				}],
			"sum":	{
				"start":	0,
				"end":	1.027684,
				"seconds":	1.0276839733123779,
				"bytes":	144800,
				"bits_per_second":	1127194.7700675966,
				"retransmits":	1,
				"omitted":	false,
				"sender":	true
			}
		}, {
			"streams":	[{
					"socket":	5,
					"start":	1.027684,
					"end":	2.015153,
					"seconds":	0.98746901750564575,
					"bytes":	202720,
					"bits_per_second":	1642340.1354875702,
					"retransmits":	0,
					"snd_cwnd":	56472,
					"rtt":	824940,
					"rttvar":	330305,
					"pmtu":	1500,
					"omitted":	false,
					"sender":	true
				}],
			"sum":	{
				"start":	1.027684,
				"end":	2.015153,
				"seconds":	0.98746901750564575,
				"bytes":	202720,
				"bits_per_second":	1642340.1354875702,
				"retransmits":	0,
				"omitted":	false,
				"sender":	true
			}
		}, {
			"streams":	[{
					"socket":	5,
					"start":	2.015153,
					"end":	3.031993,
					"seconds":	1.0168399810791016,
					"bytes":	0,
					"bits_per_second":	0,
					"retransmits":	0,
					"snd_cwnd":	68056,
					"rtt":	1246698,
					"rttvar":	384680,
					"pmtu":	1500,
					"omitted":	false,
					"sender":	true
				}],
			"sum":	{
				"start":	2.015153,
				"end":	3.031993,
				"seconds":	1.0168399810791016,
				"bytes":	0,
				"bits_per_second":	0,
				"retransmits":	0,
				"omitted":	false,
				"sender":	true
			}
		}, {
			"streams":	[{
					"socket":	5,
					"start":	3.031993,
					"end":	4.00175,
					"seconds":	0.96975702047348022,
					"bytes":	0,
					"bits_per_second":	0,
					"retransmits":	0,
					"snd_cwnd":	69504,
					"rtt":	1772261,
					"rttvar":	354833,
					"pmtu":	1500,
					"omitted":	false,
					"sender":	true
				}],
			"sum":	{
				"start":	3.031993,
				"end":	4.00175,
				"seconds":	0.96975702047348022,
				"bytes":	0,
				"bits_per_second":	0,
				"retransmits":	0,
				"omitted":	false,
				"sender":	true
			}
		}, {
			"streams":	[{
					"socket":	5,
					"start":	4.00175,
					"end":	5.024672,
					"seconds":	1.0229220390319824,
					"bytes":	167968,
					"bits_per_second":	1313632.856392086,
					"retransmits":	0,
					"snd_cwnd":	70952,
					"rtt":	2215875,
					"rttvar":	330823,
					"pmtu":	1500,
					"omitted":	false,
					"sender":	true
				}],
			"sum":	{
				"start":	4.00175,
				"end":	5.024672,
				"seconds":	1.0229220390319824,
				"bytes":	167968,
				"bits_per_second":	1313632.856392086,
				"retransmits":	0,
				"omitted":	false,
				"sender":	true
			}
		}, {
			"streams":	[{
					"socket":	5,
					"start":	5.024672,
					"end":	6.001716,
					"seconds":	0.97704398632049561,
					"bytes":	0,
					"bits_per_second":	0,
					"retransmits":	0,
					"snd_cwnd":	76744,
					"rtt":	2599936,
					"rttvar":	371906,
					"pmtu":	1500,
					"omitted":	false,
					"sender":	true
				}],
			"sum":	{
				"start":	5.024672,
				"end":	6.001716,
				"seconds":	0.97704398632049561,
				"bytes":	0,
				"bits_per_second":	0,
				"retransmits":	0,
				"omitted":	false,
				"sender":	true
			}
		}, {
			"streams":	[{
					"socket":	5,
					"start":	6.001716,
					"end":	7.014011,
					"seconds":	1.0122950077056885,
					"bytes":	0,
					"bits_per_second":	0,
					"retransmits":	0,
					"snd_cwnd":	88328,
					"rtt":	2800430,
					"rttvar":	145230,
					"pmtu":	1500,
					"omitted":	false,
					"sender":	true
				}],
			"sum":	{
				"start":	6.001716,
				"end":	7.014011,
				"seconds":	1.0122950077056885,
				"bytes":	0,
				"bits_per_second":	0,
				"retransmits":	0,
				"omitted":	false,
				"sender":	true
			}
		}, {
			"streams":	[{
					"socket":	5,
					"start":	7.014011,
					"end":	8.000778,
					"seconds":	0.9867669939994812,
					"bytes":	195480,
					"bits_per_second":	1584811.8243817366,
					"retransmits":	0,
					"snd_cwnd":	99912,
					"rtt":	2870034,
					"rttvar":	64423,
					"pmtu":	1500,
					"omitted":	false,
					"sender":	true
				}],
			"sum":	{
				"start":	7.014011,
				"end":	8.000778,
				"seconds":	0.9867669939994812,
				"bytes":	195480,
				"bits_per_second":	1584811.8243817366,
				"retransmits":	0,
				"omitted":	false,
				"sender":	true
			}
		}, {
			"streams":	[{
					"socket":	5,
					"start":	8.000778,
					"end":	9.001388,
					"seconds":	1.0006099939346313,
					"bytes":	0,
					"bits_per_second":	0,
					"retransmits":	0,
					"snd_cwnd":	108600,
					"rtt":	2940720,
					"rttvar":	86566,
					"pmtu":	1500,
					"omitted":	false,
					"sender":	true
				}],
			"sum":	{
				"start":	8.000778,
				"end":	9.001388,
				"seconds":	1.0006099939346313,
				"bytes":	0,
				"bits_per_second":	0,
				"retransmits":	0,
				"omitted":	false,
				"sender":	true
			}
		}, {
			"streams":	[{
					"socket":	5,
					"start":	10.000824,
					"end":	10.257473,
					"seconds":	0.256648987531662,
					"bytes":	0,
					"bits_per_second":	0,
					"retransmits":	0,
					"snd_cwnd":	131768,
					"rtt":	3307234,
					"rttvar":	160365,
					"pmtu":	1500,
					"omitted":	false,
					"sender":	true
				}],
			"sum":	{
				"start":	10.000824,
				"end":	10.257473,
				"seconds":	0.256648987531662,
				"bytes":	0,
				"bits_per_second":	0,
				"retransmits":	0,
				"omitted":	false,
				"sender":	true
			}
		}],
	"end":	{
		"streams":	[{
				"sender":	{
					"socket":	5,
					"start":	0,
					"end":	10.257473,
					"seconds":	10.257473,
					"bytes":	710968,
					"bits_per_second":	554497.584346554,
					"retransmits":	1,
					"max_snd_cwnd":	131768,
					"max_rtt":	3307234,
					"min_rtt":	494810,
					"mean_rtt":	2200192,
					"sender":	true
				},
				"receiver":	{
					"socket":	5,
					"start":	0,
					"end":	10.257473,
					"seconds":	10.257473,
					"bytes":	0,
					"bits_per_second":	0,
					"sender":	true
				}
			}],
		"sum_sent":	{
			"start":	0,
			"end":	10.257473,
			"seconds":	10.257473,
			"bytes":	710968,
			"bits_per_second":	554497.584346554,
			"retransmits":	1,
			"sender":	true
		},
		"sum_received":	{
			"start":	0,
			"end":	10.257473,
			"seconds":	10.257473,
			"bytes":	0,
			"bits_per_second":	0,
			"sender":	true
		},
		"cpu_utilization_percent":	{
			"host_total":	2.6718544136366065,
			"host_user":	0.488903838045373,
			"host_system":	2.1829426050694116,
			"remote_total":	0,
			"remote_user":	0,
			"remote_system":	0
		},
		"sender_tcp_congestion":	"cubic"
	},
	"error":	"interrupt - the client has terminated"
}
